member_id,churn_probability,rank
4938,0.8683,1
4232,0.8478,2
9423,0.8399,3
707,0.8306,4
9873,0.8287,5
9664,0.8185,6
2168,0.8177,7
4959,0.8164,8
2865,0.816,9
4734,0.8153,10
6213,0.8149,11
8283,0.8148,12
533,0.8132,13
8657,0.8122,14
2412,0.8075,15
5836,0.8075,16
3412,0.8075,17
8023,0.8069,18
6135,0.8054,19
4797,0.8042,20
4777,0.8036,21
3475,0.8034,22
7349,0.8033,23
7056,0.8021,24
569,0.8007,25
687,0.8001,26
5321,0.7994,27
3735,0.7992,28
3084,0.7991,29
1185,0.799,30
458,0.7988,31
664,0.7972,32
9089,0.7968,33
6361,0.7965,34
4062,0.7962,35
3694,0.7949,36
7747,0.7938,37
7362,0.7937,38
1297,0.7935,39
9931,0.7921,40
8507,0.7918,41
6906,0.7917,42
677,0.7915,43
1472,0.7913,44
6027,0.7902,45
6164,0.7893,46
5593,0.789,47
1658,0.789,48
4853,0.7889,49
6669,0.7882,50
5682,0.7865,51
5118,0.7858,52
8684,0.7854,53
2733,0.7853,54
7118,0.7848,55
9156,0.7829,56
8661,0.7824,57
97,0.7819,58
1043,0.7819,59
5421,0.7819,60
9670,0.7817,61
5109,0.7817,62
8332,0.7817,63
5420,0.7805,64
6979,0.78,65
64,0.7796,66
7140,0.7796,67
8162,0.7794,68
3507,0.7793,69
7485,0.7791,70
5655,0.779,71
6496,0.7789,72
4182,0.7788,73
4193,0.7785,74
7839,0.778,75
4329,0.7774,76
743,0.7773,77
8075,0.7772,78
8855,0.7771,79
5966,0.7768,80
2281,0.7767,81
8641,0.7763,82
4204,0.7756,83
8567,0.7748,84
9581,0.7748,85
7338,0.7747,86
5896,0.7743,87
8476,0.7739,88
2154,0.7727,89
1625,0.7724,90
3567,0.7721,91
8350,0.7719,92
7212,0.7718,93
7189,0.7716,94
3740,0.7715,95
5673,0.7715,96
1695,0.7714,97
3184,0.7713,98
7648,0.7711,99
7785,0.7708,100
8988,0.7704,101
4158,0.7703,102
9733,0.7699,103
2034,0.7699,104
5521,0.7697,105
3314,0.7692,106
4516,0.7692,107
5717,0.769,108
6698,0.7685,109
2166,0.7684,110
6931,0.7682,111
1882,0.7679,112
4834,0.7678,113
2706,0.7677,114
4550,0.7676,115
9614,0.7675,116
679,0.7667,117
4940,0.7667,118
1581,0.7665,119
3446,0.7655,120
6982,0.7655,121
4887,0.7654,122
7236,0.7653,123
7445,0.7645,124
9766,0.7639,125
2229,0.7638,126
7471,0.7636,127
2165,0.7633,128
524,0.7625,129
1714,0.7624,130
8742,0.7622,131
8260,0.7621,132
2923,0.7621,133
8269,0.7619,134
1103,0.7616,135
9681,0.7616,136
4401,0.7615,137
4056,0.7614,138
1405,0.7613,139
8785,0.7613,140
89,0.7612,141
1754,0.7611,142
9852,0.7608,143
6066,0.7608,144
7130,0.7601,145
6328,0.7601,146
3923,0.7599,147
483,0.7599,148
4561,0.7599,149
3311,0.7593,150
2743,0.7592,151
6422,0.7589,152
9926,0.7588,153
2411,0.7586,154
5220,0.7586,155
6953,0.7585,156
1180,0.7584,157
2327,0.7583,158
4113,0.7583,159
8014,0.7582,160
3055,0.7582,161
2962,0.7582,162
7505,0.7576,163
2908,0.7575,164
9578,0.7572,165
2797,0.7571,166
3174,0.7569,167
5840,0.7564,168
1230,0.7563,169
5282,0.7562,170
3120,0.7558,171
1672,0.7557,172
3684,0.7555,173
5825,0.7555,174
5659,0.7553,175
6245,0.7553,176
3009,0.7545,177
1262,0.7544,178
4749,0.7541,179
2619,0.7538,180
5685,0.7537,181
1613,0.7535,182
8541,0.7535,183
2404,0.7533,184
4932,0.7531,185
862,0.7527,186
4509,0.7526,187
7789,0.7525,188
1594,0.7523,189
2056,0.7519,190
1483,0.7517,191
8143,0.7515,192
2598,0.7514,193
5642,0.7506,194
5546,0.7504,195
362,0.7504,196
2210,0.7504,197
9817,0.7503,198
8330,0.7501,199
2714,0.7495,200
9319,0.7492,201
4807,0.7491,202
2526,0.7491,203
8142,0.749,204
8727,0.7489,205
3522,0.7485,206
7866,0.7485,207
5158,0.7482,208
1579,0.748,209
5786,0.748,210
5660,0.7478,211
7915,0.7477,212
817,0.7471,213
9115,0.747,214
7575,0.7469,215
7098,0.7468,216
3832,0.7467,217
9084,0.7467,218
5362,0.7462,219
4810,0.7461,220
4666,0.7457,221
7701,0.7457,222
6116,0.7453,223
7783,0.7452,224
9627,0.7451,225
8178,0.7446,226
5285,0.7445,227
5200,0.7445,228
9478,0.7442,229
4566,0.7437,230
8013,0.743,231
3936,0.7429,232
3160,0.7427,233
4855,0.7426,234
5993,0.7424,235
9630,0.7421,236
9596,0.7421,237
8271,0.742,238
6494,0.7419,239
162,0.7415,240
5915,0.7414,241
4877,0.7411,242
3340,0.7411,243
6764,0.7409,244
9268,0.7404,245
572,0.7399,246
9952,0.7396,247
8542,0.7395,248
5871,0.7395,249
5463,0.7394,250
1331,0.7394,251
970,0.7392,252
5199,0.7389,253
4414,0.7389,254
4535,0.7388,255
7596,0.7385,256
9644,0.7385,257
2675,0.7384,258
3824,0.7384,259
7484,0.7382,260
5695,0.7379,261
4151,0.7378,262
4829,0.7378,263
6211,0.7375,264
2499,0.7375,265
9822,0.7374,266
9116,0.7374,267
4865,0.7372,268
4620,0.7361,269
7883,0.736,270
5762,0.736,271
2471,0.736,272
3290,0.7358,273
619,0.7355,274
2781,0.7355,275
5694,0.7354,276
8585,0.7353,277
666,0.7351,278
3214,0.735,279
1508,0.7343,280
4592,0.7338,281
7018,0.7335,282
8060,0.7335,283
1119,0.7333,284
3770,0.733,285
8392,0.7328,286
3867,0.7322,287
2032,0.7319,288
7971,0.7318,289
1781,0.7318,290
2987,0.7317,291
1545,0.7315,292
4060,0.7314,293
6513,0.7308,294
2628,0.7307,295
720,0.7307,296
6321,0.7306,297
5538,0.7304,298
4900,0.7302,299
4166,0.7302,300
6921,0.7301,301
7926,0.7301,302
6424,0.7298,303
8069,0.7298,304
2658,0.7295,305
2723,0.7295,306
6629,0.7294,307
7071,0.7292,308
7443,0.7291,309
1606,0.729,310
8905,0.7289,311
5631,0.7288,312
1313,0.7286,313
2398,0.7284,314
9290,0.728,315
4293,0.7278,316
9829,0.7276,317
8577,0.7276,318
4227,0.7275,319
3274,0.7275,320
1308,0.7275,321
2922,0.7275,322
9404,0.7272,323
729,0.7272,324
2835,0.7271,325
7705,0.7271,326
8850,0.727,327
2472,0.727,328
9060,0.727,329
3950,0.7269,330
6185,0.7268,331
1800,0.7266,332
7138,0.7266,333
1571,0.7264,334
6491,0.7261,335
342,0.726,336
3839,0.726,337
7371,0.7257,338
684,0.7249,339
5743,0.7247,340
7500,0.7242,341
6252,0.7238,342
919,0.7237,343
7877,0.7235,344
529,0.7233,345
23,0.7232,346
8719,0.7231,347
5960,0.723,348
5856,0.7227,349
550,0.7227,350
1397,0.7225,351
7000,0.7224,352
2296,0.7223,353
2390,0.7223,354
9123,0.7223,355
9623,0.7223,356
1805,0.7222,357
5332,0.722,358
6510,0.7218,359
8008,0.7217,360
6388,0.7215,361
2520,0.7213,362
3985,0.7212,363
3678,0.7211,364
4110,0.7209,365
8373,0.7209,366
8227,0.7209,367
5265,0.7209,368
3912,0.7206,369
1200,0.7205,370
5249,0.7203,371
304,0.7203,372
7689,0.7201,373
3842,0.7201,374
4472,0.7201,375
6553,0.72,376
8796,0.72,377
553,0.7199,378
3547,0.7194,379
4458,0.7194,380
525,0.7193,381
6103,0.7185,382
83,0.7184,383
8088,0.7181,384
8515,0.7181,385
9185,0.718,386
1720,0.718,387
3900,0.7178,388
1886,0.7178,389
4406,0.7175,390
1457,0.7174,391
5935,0.7174,392
7218,0.7173,393
9816,0.7172,394
1312,0.7171,395
7637,0.7169,396
7608,0.7165,397
1646,0.7164,398
519,0.7163,399
6257,0.7163,400
1271,0.7161,401
4733,0.716,402
4501,0.716,403
9254,0.7159,404
3631,0.7159,405
3599,0.7157,406
391,0.7154,407
1910,0.7154,408
1079,0.7153,409
9457,0.7152,410
3008,0.7151,411
8412,0.715,412
2132,0.7146,413
6256,0.7143,414
1609,0.7141,415
4276,0.7138,416
8401,0.7133,417
3413,0.7131,418
7539,0.713,419
3746,0.7127,420
6557,0.7127,421
9085,0.7127,422
9043,0.7125,423
5472,0.7121,424
7590,0.7121,425
4202,0.712,426
3978,0.7119,427
3058,0.7119,428
3613,0.7117,429
727,0.7116,430
9649,0.7112,431
6379,0.7109,432
1972,0.7109,433
1958,0.7108,434
3658,0.7105,435
2711,0.7105,436
2926,0.7105,437
6469,0.7104,438
9545,0.7103,439
7690,0.7101,440
2712,0.7099,441
4664,0.7098,442
8464,0.7093,443
8213,0.7092,444
6315,0.7092,445
9044,0.7089,446
3474,0.7087,447
9097,0.7087,448
1864,0.7086,449
1433,0.7083,450
5182,0.7083,451
1604,0.7082,452
7023,0.708,453
9787,0.7079,454
6489,0.7079,455
3366,0.7078,456
5910,0.7077,457
3296,0.7075,458
5493,0.707,459
9009,0.7069,460
3941,0.7069,461
8610,0.7068,462
3242,0.7068,463
6697,0.7068,464
2910,0.7067,465
9052,0.7067,466
5340,0.7067,467
6748,0.7065,468
32,0.7064,469
8305,0.7064,470
5283,0.7063,471
914,0.7062,472
2974,0.7061,473
6484,0.706,474
411,0.7059,475
8424,0.7059,476
490,0.7056,477
2061,0.7055,478
7708,0.7055,479
8824,0.7055,480
9076,0.7055,481
1931,0.7053,482
5133,0.7053,483
5113,0.7052,484
5740,0.7052,485
4836,0.705,486
8496,0.705,487
778,0.7049,488
3169,0.7046,489
6762,0.7046,490
2244,0.7045,491
289,0.7045,492
1372,0.7045,493
9035,0.7044,494
6046,0.7043,495
465,0.7043,496
5465,0.7043,497
7305,0.7042,498
781,0.7041,499
2125,0.704,500
9998,0.704,501
6533,0.7037,502
5817,0.7036,503
2902,0.7035,504
9469,0.7034,505
5726,0.703,506
2219,0.7029,507
9962,0.7027,508
681,0.7027,509
5669,0.7022,510
12,0.7022,511
2817,0.7021,512
7230,0.702,513
7033,0.702,514
6130,0.702,515
2025,0.7019,516
1047,0.7017,517
9961,0.7017,518
6578,0.7016,519
2134,0.7016,520
8925,0.7014,521
5000,0.7014,522
7543,0.7012,523
1634,0.7011,524
6703,0.701,525
2777,0.7007,526
4397,0.7006,527
7284,0.7006,528
9002,0.7005,529
6041,0.7004,530
9537,0.7004,531
7675,0.7004,532
6095,0.7003,533
7917,0.7002,534
9497,0.7,535
8394,0.6997,536
4842,0.6997,537
1651,0.6996,538
9024,0.6994,539
1329,0.6992,540
7490,0.6992,541
1922,0.6992,542
1696,0.6991,543
8937,0.6991,544
1914,0.6991,545
7823,0.6991,546
7713,0.699,547
2591,0.699,548
7741,0.6989,549
5508,0.6988,550
1122,0.6987,551
5072,0.6986,552
5897,0.6985,553
8172,0.6983,554
4947,0.6982,555
1589,0.698,556
5190,0.698,557
9968,0.6973,558
4984,0.6972,559
3624,0.6969,560
6411,0.6968,561
5452,0.6967,562
9082,0.6967,563
9258,0.6967,564
6266,0.6966,565
4557,0.6965,566
9217,0.6965,567
4203,0.6964,568
3050,0.6964,569
4116,0.6963,570
5318,0.6962,571
5785,0.6961,572
3295,0.696,573
8546,0.6959,574
9888,0.6956,575
9918,0.6956,576
1246,0.6954,577
4156,0.6954,578
6367,0.6953,579
6365,0.6952,580
4766,0.6951,581
2008,0.6949,582
4162,0.6949,583
8638,0.6949,584
9779,0.6947,585
998,0.6947,586
7810,0.6946,587
5841,0.6945,588
9832,0.6943,589
5380,0.6943,590
2511,0.6941,591
5549,0.6939,592
4587,0.6938,593
8711,0.6937,594
6818,0.6934,595
6960,0.6931,596
1860,0.693,597
9428,0.693,598
4867,0.6929,599
2522,0.6926,600
1463,0.6925,601
8848,0.6924,602
1568,0.6923,603
243,0.6922,604
2498,0.6922,605
4357,0.6922,606
9949,0.6922,607
8025,0.6921,608
5597,0.6919,609
8907,0.6919,610
3881,0.6918,611
4067,0.6917,612
1552,0.6916,613
1491,0.6915,614
5560,0.6914,615
6138,0.6913,616
6076,0.6912,617
2293,0.6912,618
2094,0.6912,619
6299,0.6911,620
4808,0.6911,621
4624,0.6909,622
721,0.6908,623
2813,0.6908,624
9311,0.6907,625
5334,0.6906,626
6141,0.6903,627
2280,0.6901,628
1918,0.6901,629
9230,0.69,630
1090,0.6899,631
2518,0.6898,632
3866,0.6896,633
1904,0.6896,634
4011,0.6894,635
9110,0.6894,636
9628,0.6893,637
8553,0.6891,638
3653,0.689,639
6787,0.689,640
3953,0.689,641
6753,0.6889,642
612,0.6889,643
5357,0.6885,644
6306,0.6884,645
265,0.6883,646
3199,0.6883,647
4013,0.6879,648
5235,0.6878,649
1479,0.6878,650
3621,0.6878,651
6190,0.6876,652
9714,0.6876,653
7728,0.6875,654
3119,0.6871,655
419,0.6871,656
8845,0.687,657
5949,0.6869,658
6614,0.6869,659
1085,0.6869,660
4487,0.6866,661
7194,0.6866,662
1080,0.6866,663
7089,0.6865,664
7704,0.6865,665
7657,0.6864,666
4899,0.6864,667
6300,0.6863,668
7930,0.6863,669
8724,0.6861,670
5447,0.6859,671
9948,0.6858,672
867,0.6857,673
3284,0.6857,674
9965,0.6856,675
2326,0.6851,676
3699,0.685,677
1015,0.6849,678
2440,0.6848,679
4983,0.6848,680
425,0.6848,681
8038,0.6848,682
290,0.6847,683
59,0.6846,684
5122,0.6846,685
4172,0.6845,686
6005,0.6845,687
2766,0.6843,688
7562,0.6842,689
586,0.6842,690
4211,0.6842,691
9480,0.684,692
5675,0.6838,693
2811,0.6836,694
4264,0.6835,695
9868,0.6835,696
3490,0.6833,697
9235,0.683,698
3662,0.683,699
7811,0.6828,700
6729,0.6827,701
466,0.6826,702
242,0.6825,703
5141,0.6825,704
7925,0.6822,705
2267,0.6821,706
6646,0.6821,707
7824,0.682,708
5329,0.682,709
2911,0.6819,710
876,0.6818,711
8379,0.6818,712
8359,0.6816,713
9106,0.6814,714
4391,0.6814,715
6695,0.6813,716
6842,0.6813,717
2939,0.6811,718
1671,0.681,719
1202,0.6809,720
5070,0.6808,721
7723,0.6807,722
4380,0.6806,723
8933,0.6805,724
8997,0.6804,725
3359,0.6803,726
1871,0.6803,727
2862,0.6802,728
2403,0.6801,729
2356,0.6801,730
7528,0.6801,731
1953,0.6801,732
4381,0.68,733
9193,0.68,734
5557,0.68,735
3905,0.68,736
5755,0.6799,737
9560,0.6799,738
6275,0.6797,739
9925,0.6794,740
3526,0.6793,741
5299,0.6792,742
8188,0.6791,743
3467,0.6791,744
3592,0.6791,745
9541,0.679,746
9473,0.6789,747
6206,0.6789,748
1885,0.6787,749
3803,0.6784,750
2737,0.6774,751
252,0.6774,752
6775,0.6774,753
691,0.6773,754
4439,0.6771,755
4896,0.677,756
6472,0.677,757
31,0.6769,758
4315,0.6769,759
2146,0.6768,760
9305,0.6767,761
6656,0.6766,762
9642,0.6766,763
7765,0.6766,764
9609,0.6766,765
7122,0.6765,766
843,0.6765,767
7786,0.6764,768
9917,0.6764,769
3611,0.6763,770
3371,0.6763,771
3512,0.6762,772
3069,0.6762,773
1321,0.6762,774
8722,0.6761,775
3260,0.676,776
1385,0.6759,777
5375,0.6758,778
7399,0.6757,779
3739,0.6756,780
4762,0.6756,781
5869,0.6755,782
2638,0.6754,783
6639,0.6753,784
7133,0.6753,785
4400,0.6753,786
714,0.6753,787
9891,0.6753,788
842,0.6751,789
6575,0.6751,790
6709,0.675,791
4967,0.6749,792
8121,0.6749,793
8931,0.6748,794
9759,0.6747,795
9811,0.6745,796
7221,0.6743,797
9495,0.6742,798
1215,0.6741,799
8861,0.674,800
3712,0.674,801
557,0.6739,802
6544,0.6739,803
6855,0.6739,804
6723,0.6739,805
5759,0.6738,806
3177,0.6738,807
1534,0.6737,808
2607,0.6736,809
5511,0.6736,810
3940,0.6735,811
3168,0.6733,812
1806,0.6732,813
3264,0.6731,814
5781,0.6731,815
448,0.6729,816
8259,0.6728,817
2468,0.6728,818
8941,0.6728,819
3757,0.6727,820
2623,0.6727,821
8444,0.6726,822
1676,0.6726,823
6700,0.6726,824
1863,0.6725,825
1066,0.6725,826
9689,0.6724,827
7136,0.6722,828
4969,0.672,829
4318,0.672,830
2422,0.6719,831
6915,0.6719,832
9483,0.6718,833
2552,0.6718,834
8454,0.6717,835
8810,0.6717,836
2981,0.6716,837
7880,0.6716,838
2413,0.6716,839
5939,0.6715,840
9746,0.6715,841
9585,0.6715,842
5111,0.6713,843
4452,0.6712,844
4629,0.6712,845
8225,0.6712,846
2561,0.6712,847
7516,0.671,848
2927,0.6709,849
5263,0.6708,850
779,0.6708,851
6532,0.6708,852
4602,0.6707,853
2400,0.6706,854
3671,0.6706,855
9314,0.6705,856
1458,0.6704,857
5393,0.6704,858
1639,0.6704,859
1347,0.6703,860
2966,0.67,861
1462,0.6699,862
6802,0.6699,863
2395,0.6698,864
1752,0.6698,865
2359,0.6697,866
6398,0.6696,867
3817,0.6695,868
6232,0.6695,869
1976,0.6694,870
295,0.6694,871
5661,0.6693,872
8775,0.6693,873
7991,0.6692,874
4950,0.6691,875
222,0.6691,876
9455,0.6691,877
9985,0.669,878
2570,0.6689,879
4251,0.6689,880
1682,0.6688,881
6650,0.6688,882
989,0.6688,883
7297,0.6686,884
3549,0.6686,885
3343,0.6686,886
9158,0.6686,887
631,0.6685,888
2550,0.6684,889
5005,0.6684,890
6487,0.6682,891
6307,0.668,892
2305,0.6679,893
1799,0.6679,894
9980,0.6677,895
4667,0.6677,896
7953,0.6675,897
9099,0.6675,898
9785,0.6675,899
6023,0.6675,900
463,0.6673,901
7344,0.6671,902
174,0.6671,903
9182,0.667,904
4312,0.667,905
51,0.667,906
8016,0.667,907
1236,0.6669,908
9327,0.6668,909
1091,0.6666,910
5487,0.6666,911
1569,0.6665,912
3093,0.6665,913
8278,0.6664,914
1455,0.6664,915
1640,0.6663,916
7135,0.6662,917
5284,0.6662,918
1842,0.6662,919
2017,0.6662,920
4389,0.6661,921
5883,0.6661,922
5775,0.666,923
5615,0.6658,924
1191,0.6657,925
1446,0.6656,926
2510,0.6655,927
1585,0.6654,928
5692,0.6653,929
7461,0.6653,930
582,0.6652,931
5087,0.6652,932
1847,0.6651,933
4760,0.6649,934
2879,0.6649,935
4129,0.6648,936
8571,0.6645,937
5154,0.6645,938
7108,0.6644,939
5828,0.6644,940
272,0.6643,941
1360,0.6641,942
745,0.664,943
1945,0.6639,944
279,0.6636,945
1987,0.6635,946
6559,0.6634,947
1830,0.6633,948
5827,0.6632,949
3910,0.6632,950
9301,0.6631,951
9994,0.6628,952
5792,0.6628,953
3612,0.6628,954
8942,0.6628,955
3098,0.6627,956
3435,0.6626,957
6203,0.6626,958
1380,0.6626,959
5162,0.6626,960
8306,0.6625,961
7865,0.6625,962
6177,0.6623,963
1744,0.6622,964
9597,0.6622,965
410,0.6622,966
6400,0.662,967
9924,0.6619,968
5586,0.6619,969
9292,0.6618,970
3971,0.6618,971
6756,0.6617,972
456,0.6616,973
1985,0.6615,974
3652,0.6614,975
1573,0.6613,976
2998,0.6612,977
144,0.6612,978
86,0.6612,979
3506,0.6612,980
2826,0.6611,981
8843,0.6611,982
195,0.661,983
9862,0.6609,984
6166,0.6609,985
9381,0.6607,986
6011,0.6605,987
1996,0.6604,988
3929,0.6603,989
9475,0.6603,990
8446,0.6602,991
2503,0.6601,992
985,0.6601,993
5391,0.66,994
2609,0.66,995
2295,0.6599,996
4137,0.6598,997
4449,0.6597,998
9825,0.6597,999
4482,0.6596,1000
9797,0.6595,1001
6381,0.6594,1002
6466,0.6593,1003
9695,0.6592,1004
7536,0.6592,1005
1364,0.659,1006
8486,0.6589,1007
2776,0.6589,1008
5711,0.6589,1009
3583,0.6588,1010
844,0.6588,1011
3541,0.6588,1012
6173,0.6587,1013
4267,0.6587,1014
8981,0.6586,1015
9728,0.6584,1016
2740,0.6584,1017
7892,0.6583,1018
1287,0.6583,1019
5227,0.6582,1020
4505,0.6582,1021
2676,0.6581,1022
2979,0.6581,1023
4611,0.6581,1024
9011,0.658,1025
2494,0.658,1026
2847,0.6579,1027
2905,0.6579,1028
9837,0.6579,1029
60,0.6579,1030
3194,0.6579,1031
4237,0.6578,1032
7533,0.6575,1033
9834,0.6575,1034
9715,0.6573,1035
2954,0.6572,1036
7687,0.6572,1037
2019,0.6572,1038
2955,0.6572,1039
3882,0.6571,1040
3874,0.657,1041
9692,0.6568,1042
2859,0.6568,1043
6297,0.6567,1044
9093,0.6565,1045
2537,0.6564,1046
84,0.6564,1047
1562,0.6562,1048
4205,0.656,1049
6001,0.6559,1050
3319,0.6559,1051
5014,0.6559,1052
1704,0.6559,1053
3150,0.6557,1054
4805,0.6556,1055
8878,0.6554,1056
7974,0.6554,1057
9253,0.6551,1058
4268,0.6549,1059
4991,0.6548,1060
9934,0.6548,1061
6805,0.6548,1062
1716,0.6547,1063
7762,0.6546,1064
3193,0.6546,1065
9446,0.6545,1066
9304,0.6545,1067
9278,0.6545,1068
3557,0.6543,1069
3664,0.6543,1070
4532,0.6543,1071
4213,0.6542,1072
8192,0.654,1073
3826,0.6538,1074
2228,0.6538,1075
6317,0.6537,1076
6642,0.6537,1077
7264,0.6537,1078
5342,0.6537,1079
6031,0.6536,1080
8940,0.6536,1081
6338,0.6536,1082
7662,0.6535,1083
6704,0.6533,1084
8347,0.6533,1085
7184,0.6532,1086
7601,0.6532,1087
4888,0.653,1088
7494,0.653,1089
8539,0.6529,1090
6154,0.6526,1091
2045,0.6525,1092
8346,0.6525,1093
4300,0.6524,1094
4353,0.6524,1095
4333,0.6523,1096
8936,0.6521,1097
1626,0.6519,1098
551,0.6518,1099
3130,0.6518,1100
9187,0.6517,1101
1496,0.6516,1102
8176,0.6516,1103
3527,0.6515,1104
6804,0.6514,1105
4054,0.6513,1106
548,0.6511,1107
5468,0.6511,1108
4402,0.6511,1109
2095,0.651,1110
4324,0.6509,1111
3477,0.6509,1112
3947,0.6508,1113
7036,0.6508,1114
215,0.6508,1115
8889,0.6507,1116
6711,0.6506,1117
950,0.6506,1118
1680,0.6505,1119
4861,0.6505,1120
2827,0.6503,1121
8584,0.6503,1122
5417,0.6501,1123
62,0.65,1124
3328,0.6499,1125
3502,0.6497,1126
8782,0.6495,1127
9091,0.6495,1128
1190,0.6494,1129
3944,0.6494,1130
2158,0.6492,1131
5643,0.6491,1132
8463,0.649,1133
2335,0.649,1134
7904,0.6489,1135
3125,0.6488,1136
3578,0.6488,1137
8811,0.6488,1138
1073,0.6488,1139
601,0.6488,1140
7002,0.6488,1141
1243,0.6487,1142
3466,0.6487,1143
5746,0.6486,1144
5466,0.6485,1145
776,0.6485,1146
5601,0.6483,1147
4142,0.6482,1148
5192,0.6482,1149
5650,0.6482,1150
3841,0.6481,1151
7286,0.6477,1152
8701,0.6475,1153
4338,0.6475,1154
7813,0.6475,1155
3222,0.6474,1156
2284,0.6474,1157
1732,0.6474,1158
7842,0.6474,1159
8193,0.6473,1160
4447,0.6472,1161
1948,0.6472,1162
3791,0.6471,1163
6689,0.6471,1164
3992,0.6471,1165
8930,0.647,1166
9914,0.647,1167
4493,0.6469,1168
1251,0.6466,1169
2096,0.6465,1170
5458,0.6463,1171
2785,0.6462,1172
6191,0.6462,1173
6765,0.6461,1174
4136,0.646,1175
6279,0.646,1176
6272,0.6459,1177
9458,0.6459,1178
3872,0.6458,1179
4655,0.6458,1180
898,0.6457,1181
5578,0.6457,1182
6414,0.6456,1183
5783,0.6455,1184
9622,0.6455,1185
5219,0.6454,1186
3676,0.6454,1187
408,0.6454,1188
9702,0.6454,1189
3969,0.6453,1190
3702,0.6452,1191
6092,0.6452,1192
6572,0.645,1193
470,0.645,1194
2050,0.6449,1195
3733,0.6449,1196
5280,0.6449,1197
2761,0.6449,1198
3755,0.6448,1199
892,0.6448,1200
594,0.6446,1201
504,0.6445,1202
7996,0.6441,1203
5234,0.6441,1204
9269,0.6441,1205
6539,0.6441,1206
9078,0.644,1207
9410,0.6438,1208
8917,0.6438,1209
8667,0.6438,1210
5003,0.6436,1211
9326,0.6436,1212
4995,0.6436,1213
8758,0.6432,1214
9221,0.6432,1215
3716,0.6432,1216
7665,0.6432,1217
1583,0.6431,1218
4103,0.6431,1219
866,0.6431,1220
6163,0.6431,1221
5186,0.643,1222
7931,0.643,1223
6444,0.643,1224
1649,0.643,1225
255,0.6429,1226
9815,0.6428,1227
5522,0.6427,1228
3136,0.6426,1229
2721,0.6424,1230
5956,0.6423,1231
5663,0.6421,1232
5811,0.6419,1233
8071,0.6418,1234
8918,0.6418,1235
6030,0.6418,1236
4534,0.6417,1237
1822,0.6417,1238
8892,0.6417,1239
5629,0.6417,1240
4866,0.6415,1241
6112,0.6415,1242
4682,0.6415,1243
8,0.6414,1244
4893,0.6414,1245
6831,0.6412,1246
8246,0.6411,1247
6104,0.6411,1248
5516,0.6411,1249
7003,0.641,1250
5460,0.641,1251
3349,0.6408,1252
6607,0.6408,1253
8123,0.6408,1254
8395,0.6407,1255
1621,0.6407,1256
1467,0.6406,1257
2668,0.6406,1258
6869,0.6405,1259
464,0.6402,1260
5396,0.6401,1261
5940,0.6401,1262
9582,0.6401,1263
5276,0.64,1264
7506,0.64,1265
5309,0.6399,1266
7671,0.6399,1267
4291,0.6397,1268
578,0.6396,1269
2407,0.6395,1270
8985,0.6394,1271
447,0.6394,1272
4039,0.6393,1273
1656,0.6392,1274
6224,0.6391,1275
6437,0.639,1276
5381,0.639,1277
2952,0.6389,1278
8270,0.6389,1279
1903,0.6389,1280
3134,0.6389,1281
3768,0.6389,1282
7244,0.6389,1283
890,0.6388,1284
4912,0.6388,1285
4793,0.6388,1286
8903,0.6387,1287
6936,0.6387,1288
7936,0.6386,1289
9738,0.6386,1290
5038,0.6385,1291
9743,0.6384,1292
5076,0.6384,1293
807,0.6383,1294
7186,0.6382,1295
6447,0.6382,1296
4926,0.6382,1297
8853,0.6381,1298
2119,0.638,1299
2885,0.638,1300
3020,0.6379,1301
4703,0.6379,1302
7755,0.6378,1303
3816,0.6375,1304
3741,0.6372,1305
1524,0.6372,1306
6431,0.6371,1307
1861,0.6371,1308
2079,0.6371,1309
4395,0.637,1310
3914,0.637,1311
2139,0.6367,1312
761,0.6366,1313
1116,0.6366,1314
9000,0.6364,1315
850,0.6363,1316
4145,0.6362,1317
263,0.6362,1318
1447,0.6362,1319
1991,0.6362,1320
1109,0.6362,1321
2842,0.6361,1322
5810,0.636,1323
4469,0.6359,1324
2108,0.6359,1325
4069,0.6357,1326
9663,0.6356,1327
926,0.6356,1328
7887,0.6355,1329
3380,0.6355,1330
5855,0.6354,1331
815,0.6353,1332
8459,0.6353,1333
8731,0.6353,1334
3429,0.6352,1335
5352,0.6349,1336
3398,0.6349,1337
3249,0.6348,1338
5582,0.6348,1339
5,0.6346,1340
9464,0.6344,1341
4077,0.6344,1342
35,0.6344,1343
9667,0.6344,1344
8145,0.6343,1345
1718,0.6343,1346
7107,0.6343,1347
4895,0.6342,1348
1724,0.6342,1349
3970,0.6341,1350
6524,0.6339,1351
6801,0.6339,1352
735,0.6337,1353
9739,0.6336,1354
6380,0.6335,1355
8161,0.6335,1356
2566,0.6335,1357
4599,0.6335,1358
7456,0.6334,1359
6225,0.6334,1360
6481,0.6334,1361
7047,0.6334,1362
593,0.6331,1363
3426,0.633,1364
5251,0.633,1365
3196,0.6328,1366
992,0.6328,1367
435,0.6328,1368
5812,0.6328,1369
8232,0.6328,1370
5793,0.6327,1371
4063,0.6326,1372
5102,0.6326,1373
7754,0.6325,1374
6445,0.6324,1375
576,0.6324,1376
2917,0.6323,1377
9943,0.6323,1378
8216,0.6322,1379
5331,0.6322,1380
6534,0.6321,1381
8812,0.6318,1382
4598,0.6318,1383
9399,0.6317,1384
6807,0.6316,1385
2018,0.6316,1386
6581,0.6316,1387
9374,0.6316,1388
1692,0.6315,1389
5686,0.6315,1390
5524,0.6314,1391
1668,0.6314,1392
5026,0.6314,1393
7934,0.6314,1394
9889,0.6313,1395
3483,0.6313,1396
7619,0.6313,1397
2789,0.6313,1398
3683,0.6312,1399
2875,0.6311,1400
7421,0.631,1401
7043,0.631,1402
7635,0.631,1403
9496,0.6309,1404
1341,0.6309,1405
8897,0.6309,1406
2861,0.6308,1407
5687,0.6307,1408
1175,0.6307,1409
7334,0.6303,1410
980,0.6302,1411
7639,0.6301,1412
7534,0.63,1413
7625,0.63,1414
7319,0.6299,1415
1075,0.6299,1416
4709,0.6298,1417
8206,0.6298,1418
1700,0.6297,1419
9501,0.6297,1420
4296,0.6296,1421
7556,0.6296,1422
7677,0.6295,1423
8222,0.6294,1424
9636,0.6294,1425
7238,0.6292,1426
6196,0.6292,1427
751,0.6292,1428
5150,0.6291,1429
2059,0.629,1430
4403,0.629,1431
1339,0.6289,1432
8786,0.6289,1433
9324,0.6287,1434
53,0.6287,1435
5290,0.6286,1436
9879,0.6286,1437
1019,0.6286,1438
3893,0.6285,1439
5513,0.6284,1440
1839,0.6283,1441
2988,0.6283,1442
4122,0.6283,1443
1611,0.6282,1444
1984,0.6281,1445
7158,0.6281,1446
962,0.628,1447
6446,0.628,1448
5713,0.6279,1449
9199,0.6278,1450
9429,0.6278,1451
4484,0.6278,1452
2062,0.6277,1453
8082,0.6277,1454
8353,0.6277,1455
6218,0.6277,1456
6045,0.6277,1457
7480,0.6276,1458
1851,0.6276,1459
1311,0.6275,1460
2192,0.6275,1461
153,0.6275,1462
6114,0.6274,1463
9094,0.6273,1464
8361,0.6272,1465
5531,0.6272,1466
6980,0.6271,1467
5788,0.6271,1468
5547,0.627,1469
5527,0.6268,1470
2878,0.6266,1471
4306,0.6266,1472
8564,0.6266,1473
3972,0.6266,1474
1816,0.6265,1475
5764,0.6263,1476
8678,0.6263,1477
9810,0.6261,1478
9122,0.6261,1479
5809,0.626,1480
7087,0.6259,1481
6517,0.6259,1482
1519,0.6257,1483
7164,0.6257,1484
1665,0.6256,1485
6779,0.6256,1486
8842,0.6255,1487
3754,0.6255,1488
994,0.6255,1489
7303,0.6255,1490
2408,0.6254,1491
8735,0.6254,1492
4498,0.6254,1493
4426,0.6254,1494
5551,0.6253,1495
3104,0.6253,1496
9650,0.6253,1497
5624,0.6252,1498
8714,0.625,1499
4811,0.6249,1500
7223,0.6249,1501
8290,0.6247,1502
4640,0.6247,1503
501,0.6247,1504
5229,0.6246,1505
251,0.6246,1506
8870,0.6245,1507
5703,0.6244,1508
3574,0.6243,1509
4492,0.6243,1510
5437,0.6243,1511
2338,0.6243,1512
5156,0.6243,1513
6634,0.6241,1514
50,0.624,1515
9386,0.624,1516
8360,0.624,1517
6870,0.6239,1518
4593,0.6239,1519
5921,0.6239,1520
4138,0.6237,1521
4559,0.6237,1522
8125,0.6237,1523
9411,0.6236,1524
1968,0.6236,1525
2655,0.6235,1526
8726,0.6234,1527
763,0.6234,1528
8242,0.6234,1529
7909,0.6232,1530
9684,0.6232,1531
8312,0.6232,1532
1618,0.623,1533
6231,0.623,1534
280,0.623,1535
6014,0.6229,1536
3625,0.6229,1537
8433,0.6229,1538
7796,0.6229,1539
932,0.6229,1540
433,0.6229,1541
1083,0.6228,1542
3191,0.6228,1543
1941,0.6227,1544
9361,0.6227,1545
2825,0.6224,1546
9338,0.6224,1547
3410,0.6223,1548
9682,0.6223,1549
1133,0.6223,1550
5099,0.6223,1551
8512,0.6222,1552
1381,0.6221,1553
6495,0.622,1554
7504,0.6219,1555
5401,0.6219,1556
8002,0.6218,1557
6613,0.6218,1558
9706,0.6218,1559
7493,0.6217,1560
2133,0.6217,1561
3530,0.6216,1562
7719,0.6216,1563
4961,0.6216,1564
5457,0.6216,1565
9915,0.6215,1566
512,0.6215,1567
2261,0.6214,1568
6475,0.6213,1569
2562,0.6213,1570
2329,0.6213,1571
2078,0.6212,1572
2606,0.6212,1573
680,0.6211,1574
1494,0.621,1575
6067,0.621,1576
9680,0.621,1577
7578,0.621,1578
9488,0.6209,1579
45,0.6208,1580
3079,0.6208,1581
4201,0.6206,1582
7679,0.6206,1583
1402,0.6206,1584
7857,0.6205,1585
8326,0.6205,1586
6879,0.6205,1587
592,0.6204,1588
2304,0.6204,1589
2421,0.6204,1590
2474,0.6204,1591
8509,0.6204,1592
7012,0.6203,1593
3428,0.62,1594
6880,0.62,1595
5288,0.6199,1596
546,0.6199,1597
4507,0.6199,1598
2613,0.6198,1599
4369,0.6198,1600
3231,0.6198,1601
5392,0.6197,1602
3070,0.6195,1603
8230,0.6195,1604
1862,0.6195,1605
6371,0.6192,1606
7817,0.6191,1607
9729,0.6191,1608
9210,0.6191,1609
539,0.619,1610
3496,0.6188,1611
9895,0.6187,1612
4816,0.6187,1613
1144,0.6187,1614
4278,0.6186,1615
3033,0.6186,1616
9440,0.6186,1617
1869,0.6185,1618
9620,0.6185,1619
791,0.6184,1620
1782,0.6183,1621
7226,0.6183,1622
1465,0.618,1623
5691,0.618,1624
7771,0.618,1625
642,0.618,1626
6823,0.6178,1627
7261,0.6177,1628
1907,0.6176,1629
2122,0.6176,1630
3564,0.6176,1631
3518,0.6175,1632
5868,0.6175,1633
3679,0.6175,1634
8508,0.6173,1635
4344,0.6173,1636
5943,0.6171,1637
2152,0.6171,1638
6359,0.617,1639
4409,0.617,1640
3453,0.617,1641
2710,0.6169,1642
6934,0.6169,1643
4674,0.6169,1644
6008,0.6166,1645
9357,0.6166,1646
6618,0.6165,1647
3960,0.6165,1648
7992,0.6165,1649
2821,0.6164,1650
8083,0.6164,1651
9171,0.6163,1652
824,0.6163,1653
2903,0.6162,1654
136,0.6162,1655
656,0.6161,1656
2449,0.6159,1657
1775,0.6159,1658
4014,0.6159,1659
856,0.6158,1660
250,0.6157,1661
8652,0.6157,1662
246,0.6157,1663
5071,0.6156,1664
1888,0.6155,1665
2170,0.6155,1666
8156,0.6155,1667
4966,0.6155,1668
6200,0.6154,1669
2142,0.6152,1670
1881,0.6152,1671
81,0.6151,1672
6694,0.6151,1673
128,0.6151,1674
6461,0.6151,1675
3081,0.615,1676
3632,0.615,1677
7476,0.6149,1678
7753,0.6147,1679
9498,0.6147,1680
742,0.6147,1681
4925,0.6146,1682
3029,0.6146,1683
2840,0.6145,1684
5406,0.6145,1685
7339,0.6145,1686
3158,0.6144,1687
9403,0.6144,1688
5795,0.6143,1689
1068,0.6143,1690
5718,0.6143,1691
7411,0.6142,1692
2277,0.6142,1693
1225,0.6142,1694
8106,0.614,1695
9083,0.614,1696
8766,0.614,1697
6621,0.6139,1698
2533,0.6139,1699
644,0.6139,1700
3519,0.6138,1701
5176,0.6137,1702
916,0.6137,1703
1361,0.6137,1704
5147,0.6137,1705
9571,0.6137,1706
9755,0.6135,1707
5620,0.6135,1708
4975,0.6135,1709
7627,0.6134,1710
2720,0.6132,1711
1002,0.6132,1712
3059,0.613,1713
314,0.6129,1714
4724,0.6129,1715
9240,0.6126,1716
4870,0.6126,1717
6421,0.6125,1718
9592,0.6125,1719
9820,0.6125,1720
5592,0.6124,1721
6354,0.6124,1722
4707,0.6124,1723
5976,0.6124,1724
8971,0.6123,1725
740,0.6123,1726
171,0.6121,1727
2060,0.6121,1728
7283,0.6121,1729
8947,0.6121,1730
6222,0.612,1731
8563,0.6119,1732
4683,0.6119,1733
3434,0.6118,1734
2741,0.6117,1735
85,0.6116,1736
7512,0.6115,1737
4017,0.6115,1738
8072,0.6114,1739
2366,0.6114,1740
7577,0.6113,1741
341,0.6112,1742
3299,0.6112,1743
757,0.611,1744
7878,0.6108,1745
5689,0.6107,1746
9887,0.6107,1747
7268,0.6107,1748
2697,0.6107,1749
8896,0.6106,1750
3807,0.6102,1751
3487,0.6102,1752
5748,0.6102,1753
1390,0.6102,1754
865,0.6101,1755
2420,0.61,1756
1474,0.61,1757
4730,0.61,1758
8354,0.61,1759
774,0.6099,1760
9932,0.6099,1761
2086,0.6099,1762
75,0.6098,1763
894,0.6094,1764
3875,0.6094,1765
5804,0.6092,1766
8148,0.6092,1767
1179,0.6092,1768
2575,0.6091,1769
1409,0.609,1770
8437,0.609,1771
9634,0.609,1772
3828,0.6089,1773
9933,0.6089,1774
683,0.6088,1775
5187,0.6087,1776
2196,0.6087,1777
387,0.6087,1778
6502,0.6087,1779
9387,0.6086,1780
8197,0.6085,1781
5209,0.6083,1782
2360,0.6083,1783
7382,0.6083,1784
1336,0.6082,1785
8590,0.6081,1786
3345,0.6081,1787
1488,0.608,1788
976,0.608,1789
6648,0.6079,1790
8747,0.6078,1791
3932,0.6078,1792
7347,0.6078,1793
4178,0.6077,1794
7952,0.6077,1795
2189,0.6077,1796
3635,0.6076,1797
6280,0.6076,1798
4489,0.6075,1799
9172,0.6075,1800
9928,0.6075,1801
1893,0.6075,1802
864,0.6074,1803
9227,0.6074,1804
5008,0.6071,1805
137,0.6071,1806
1408,0.6071,1807
4078,0.607,1808
798,0.6068,1809
9234,0.6068,1810
5908,0.6067,1811
1663,0.6067,1812
8934,0.6067,1813
6760,0.6067,1814
5835,0.6066,1815
8009,0.6066,1816
5312,0.6066,1817
8868,0.6065,1818
116,0.6065,1819
3644,0.6065,1820
3377,0.6065,1821
3752,0.6064,1822
1777,0.6064,1823
573,0.6064,1824
4100,0.6063,1825
3598,0.6063,1826
3902,0.6063,1827
3810,0.6062,1828
4089,0.6062,1829
3266,0.6061,1830
3554,0.6061,1831
8489,0.6061,1832
9135,0.606,1833
7718,0.606,1834
7188,0.6059,1835
4029,0.6059,1836
7564,0.6059,1837
3726,0.6058,1838
1511,0.6058,1839
8056,0.6058,1840
6819,0.6057,1841
3437,0.6057,1842
6184,0.6055,1843
2384,0.6054,1844
2808,0.6054,1845
7874,0.6053,1846
6255,0.6052,1847
1812,0.6052,1848
9629,0.6051,1849
7746,0.6051,1850
6433,0.6051,1851
17,0.605,1852
5240,0.605,1853
1304,0.605,1854
2837,0.605,1855
3283,0.6049,1856
8190,0.6049,1857
6937,0.6049,1858
2109,0.6048,1859
9534,0.6047,1860
3334,0.6047,1861
9331,0.6044,1862
5145,0.6044,1863
604,0.6044,1864
7597,0.6044,1865
8414,0.6043,1866
7179,0.6043,1867
7790,0.6043,1868
4901,0.6042,1869
3280,0.6041,1870
6998,0.6041,1871
2156,0.6041,1872
7595,0.604,1873
9438,0.604,1874
7834,0.6039,1875
9229,0.6039,1876
2877,0.6038,1877
6749,0.6038,1878
9890,0.6037,1879
5612,0.6037,1880
9321,0.6037,1881
2486,0.6037,1882
6251,0.6037,1883
7667,0.6036,1884
9090,0.6035,1885
9402,0.6034,1886
8851,0.6034,1887
1,0.6034,1888
3142,0.6033,1889
1155,0.6033,1890
5464,0.6032,1891
6271,0.6031,1892
4250,0.603,1893
1648,0.6028,1894
6766,0.6028,1895
9567,0.6028,1896
7017,0.6027,1897
2698,0.6026,1898
7181,0.6026,1899
4524,0.6025,1900
5901,0.6025,1901
1645,0.6025,1902
3558,0.6023,1903
3602,0.6022,1904
4098,0.6021,1905
3532,0.6021,1906
8045,0.6021,1907
960,0.602,1908
1478,0.6019,1909
4012,0.6019,1910
6455,0.6018,1911
2452,0.6017,1912
8974,0.6016,1913
2990,0.6016,1914
7063,0.6015,1915
7851,0.6015,1916
6127,0.6014,1917
5001,0.6014,1918
1698,0.6014,1919
4790,0.6012,1920
2029,0.6012,1921
7457,0.6011,1922
9515,0.6011,1923
7292,0.601,1924
3455,0.601,1925
793,0.601,1926
1198,0.601,1927
160,0.601,1928
9131,0.6009,1929
3677,0.6009,1930
5424,0.6008,1931
1272,0.6008,1932
7576,0.6007,1933
5130,0.6007,1934
4739,0.6006,1935
2391,0.6005,1936
6454,0.6005,1937
1081,0.6005,1938
8235,0.6005,1939
2370,0.6005,1940
3132,0.6005,1941
6744,0.6005,1942
8709,0.6005,1943
5151,0.6003,1944
3894,0.6003,1945
9530,0.6001,1946
1543,0.6,1947
3688,0.6,1948
9569,0.6,1949
8047,0.6,1950
4595,0.6,1951
1126,0.5999,1952
9463,0.5999,1953
3850,0.5999,1954
3821,0.5998,1955
676,0.5997,1956
3976,0.5997,1957
6506,0.5996,1958
9904,0.5995,1959
5839,0.5994,1960
3627,0.5994,1961
9417,0.5992,1962
5627,0.5992,1963
7294,0.5991,1964
3907,0.5991,1965
109,0.5991,1966
9360,0.599,1967
9878,0.599,1968
2460,0.5989,1969
6885,0.5989,1970
1292,0.5988,1971
9821,0.5988,1972
9025,0.5988,1973
22,0.5987,1974
7475,0.5987,1975
6521,0.5987,1976
9869,0.5987,1977
5688,0.5987,1978
3665,0.5985,1979
4708,0.5985,1980
7580,0.5984,1981
3256,0.5984,1982
1143,0.5983,1983
7064,0.5983,1984
6852,0.5982,1985
6269,0.5982,1986
8198,0.5982,1987
4891,0.5981,1988
3913,0.5981,1989
1330,0.5981,1990
77,0.598,1991
4850,0.5979,1992
9539,0.5979,1993
5402,0.5978,1994
2557,0.5978,1995
2344,0.5977,1996
1537,0.5977,1997
1670,0.5977,1998
2729,0.5976,1999
4457,0.5976,2000
